{
    "providers": [
        {
            "chars": [
                "⓪"
            ],
            "file": "tags/owner.png",
            "ascent": 10,
            "height": 120,
            "type": "bitmap"
        },
        {
            "chars": [
                "①"
            ],
            "file": "tags/vipforte.png",
            "ascent": 45,
            "height": 173,
            "type": "bitmap"
        },
        {
            "chars": [
                "㊒"
            ],
            "file": "gui/modos.png",
            "ascent": 47,
            "height": 173,
            "type": "bitmap"
        },
        {
            "chars": [
                "♨"
            ],
            "file": "gui/questrank.png",
            "ascent": 47,
            "height": 173,
            "type": "bitmap"
        },
        {
            "chars": [
                "¢"
            ],
            "file": "gui/bosses.png",
            "ascent": 45,
            "height": 173,
            "type": "bitmap"
        },
        {
            "chars": [
                "☃"
            ],
            "file": "gui/warpss.png",
            "ascent": -32770,
            "height": -7,
            "type": "bitmap"
        },
        {
            "chars": [
                "②"
            ],
            "file": "tags/admin.png",
            "ascent": 10,
            "height": 12,
            "type": "bitmap"
        }
    ]
}